chr1:243668598,A,c.1393C>T
chr1:243776983,C,c.686A>G
chr1:243800926,T,c.548T>A
chr3:178916854,A,c.241G>A
chr3:178916876,A,c.263G>A
chr3:178922321,A,c.1090G>A
chr3:178922324,A,c.1093G>A
chr3:178922364,A,c.1133G>A
chr3:178927980,C,c.1258T>C
chr3:178928080,D,c.1359_1361del
chr3:178928081,D,c.1359_1361del
chr3:178928082,D,c.1359_1361del
chr3:178936082,A,c.1624G>A
chr3:178936091,A,c.1633G>A
chr3:178938934,A,c.2176G>A
chr3:178947865,A,c.2740G>A
chr3:178952007,G,c.3062A>G
chr3:178952018,G,c.3073A>G
chr3:178952049,T,c.3104C>T
chr3:178952074,T,c.3129G>T
chr3:178952084,T,c.3139C>T
chr3:178952085,G,c.3140A>G
chr3:178952090,A,c.3145G>A
chr3:178916957,C,c.344G>C
chr14:105246551,T,c.49G>A
chr19:18273784,A,c.1117G>A
chr19:18273869,C,c.1202T>C
chr9:80412493,T,c.548G>A
chr9:80430592,A,c.416C>T
chr19:3115012,T,c.547C>T
chr19:3115012,A,c.547C>A
chr19:3118942,C,c.626A>C
chr3:178916891,A,c.278G>A
chr3:178916924,T,c.311C>T
chr3:178916930,T,c.317G>T
chr3:178916948,A,c.335T>A
chr3:178917478,A,c.353G>A
chr3:178917528,A,c.403G>A
chr3:178919167,A,c.652G>A
chr3:178921548,A,c.1030G>A
chr3:178921552,C,c.1034A>C
chr3:178921566,A,c.1048G>A
chr3:178922297,A,c.1066G>A
chr3:178922376,A,c.1145G>A
chr3:178927974,A,c.1252G>A
chr3:178928067,A,c.1345C>A
chr3:178928079,A,c.1357G>A
chr3:178936092,C,c.1634A>C
chr3:178936093,T,c.1635G>T
chr3:178937507,G,c.1895T>G
chr3:178948044,G,c.2816A>G
chr3:178948100,A,c.2872C>A
chr3:178948136,A,c.2908G>A
chr3:178951957,A,c.3012G>A
chr3:178952006,C,c.3061T>C
chr3:178952019,A,c.3074C>A
chr3:178952048,A,c.3103G>A
chr3:178952072,G,c.3127A>G
chr3:178952074,A,c.3129G>A
chr3:178952086,A,c.3141T>A
chr3:178952093,A,c.3148G>A
chr3:178952152,G,c.3207A>G
chr19:18273793,G,c.1126A>G
chr19:18278049,C,c.1669G>C
chr14:105246527,A,c.73C>T
chr14:105237142,G,c.1303A>C
chr1:243858947,T,c.118G>A
chr1:243858906,T,c.159C>A
chr1:243858904,T,c.161T>A
chr1:243828121,A,c.237G>T
chr1:243736244,G,c.803T>C
chr1:243716230,T,c.964G>A
chr1:11217230,T,c.4448G>A
chr1:11217230,A,c.4448G>T
chr1:11217210,G,c.4468T>C
chr1:11199486,A,c.5005G>T
chr1:11190804,T,c.5395G>A
chr1:11189846,C,c.5663T>G
chr1:11188164,A,c.5930C>T
chr1:11184612,C,c.6605T>G
chr1:11177096,T,c.6981G>A
chr1:11177096,A,c.6981G>T
chr1:11169361,G,c.7514G>C